step,epsilon,lambda_cost,lr,buffer_size,loss_mean,td_abs_mean,grad_norm_mean,ep_ret_ma,ep_consistency_ma,ep_teacher_iou_ma,ep_comp_ma,ep_full_frac_ma,episodes_done
100,0.997649,0.450000,0.00029998,100,0.39452133,0.87191331,13.73152256,,,,,,0
200,0.995274,0.450000,0.00028449,200,0.04248104,0.38018992,2.60503736,,,,,,0
300,0.992899,0.449444,0.00024336,300,0.00924613,0.19692608,0.81585965,188.76262138,0.97625867,0.89328749,116.50000000,0.35555556,1
400,0.990524,0.449444,0.00018472,400,0.00265086,0.11043700,0.30956946,188.76262138,0.97625867,0.89328749,116.50000000,0.35555556,1
500,0.988149,0.449444,0.00012020,500,0.00095509,0.07503859,0.08234079,188.76262138,0.97625867,0.89328749,116.50000000,0.35555556,1
600,0.985774,0.449444,0.00006257,600,0.00059621,0.06656321,0.02955203,188.76262138,0.97625867,0.89328749,116.50000000,0.35555556,1
700,0.983399,0.449444,0.00002325,700,0.00053763,0.06720870,0.01910505,188.76262138,0.97625867,0.89328749,116.50000000,0.35555556,1
800,0.981024,0.448394,0.00001002,800,0.00040038,0.06940875,0.01924122,284.92213158,0.97329435,0.92098511,162.00000000,0.34277778,2
