policy_id,policy_name,mean_return,mean_consistency,mean_iou_teacher,mean_cost,n_episodes,lambda_cost
always_full,Baseline: always FULL_DETECT,130.00000000000048,0.9292037739169242,1.0,1.0,10,0.35
periodic_5,Baseline: periodic FULL every 5 (else REUSE),160.26894244778023,0.9233297555693746,0.871344712238901,0.2,10,0.35
flow_only,Baseline: optical flow only (LIGHT_UPDATE),32.22535438755026,1.0,0.24862677193775135,0.25,10,0.35
dqn_stage1,"DQN Stage1 (MLP, single frame)",41.095384939278325,0.9901081751682712,0.20547692469639162,0.0,10,0.25
dqn_stage2,"DQN Stage2 (stack=4, ablation=none)",41.095384939278325,0.9901081751682712,0.20547692469639162,0.0,10,0.25
