episode,policy,return,mean_consistency,mean_iou_ref,mean_cost,steps
0,periodic_5,233.331596,0.968315,0.9341910953213134,0.200000,270
1,periodic_5,432.390913,0.959489,0.934781826484613,0.200000,500
2,periodic_5,255.576604,0.966640,0.9395462737607498,0.200680,294
3,periodic_5,291.482269,0.964948,0.9256078275094756,0.202346,341
4,periodic_5,430.320851,0.964195,0.9412365395111881,0.200405,494
