episode,policy,return,mean_consistency,mean_iou_ref,mean_cost,steps
0,flow_only,150.459913,1.000000,0.6447589383509347,0.250000,270
1,flow_only,321.952995,1.000000,0.7314059892783691,0.250000,500
2,flow_only,183.912356,1.000000,0.7130522324808884,0.250000,294
3,flow_only,223.151305,1.000000,0.7419026540095827,0.250000,341
4,flow_only,277.441994,1.000000,0.6491234698913954,0.250000,494
