episode,policy,return,mean_consistency,mean_iou_ref,mean_cost,steps
0,always_full,175.499817,0.969146,0.9999993213952202,1.000000,270
1,always_full,324.999780,0.963386,0.9999995605149421,1.000000,500
2,always_full,191.099811,0.968557,0.9999993567167296,1.000000,294
3,always_full,221.649784,0.968199,0.9999993652732968,1.000000,341
4,always_full,321.099715,0.968305,0.9999994225331944,1.000000,494
