step,epsilon,lambda_cost,lr,buffer_size,loss_mean,td_abs_mean,grad_norm_mean,ep_ret_ma,ep_consistency_ma,ep_teacher_iou_ma,ep_comp_ma,ep_full_frac_ma,episodes_done
100,0.997649,0.450000,0.00029998,100,0.75664556,1.23475802,17.56209946,,,,,,0
200,0.995274,0.450000,0.00028449,200,0.24607515,0.58270434,8.15605389,,,,,,0
300,0.992899,0.447833,0.00024336,300,0.33733831,0.70360271,7.42875525,185.82720380,0.97615512,0.85824890,102.00000000,0.30000000,1
400,0.990524,0.447833,0.00018472,400,0.30102459,0.67513986,6.97323915,185.82720380,0.97615512,0.85824890,102.00000000,0.30000000,1
500,0.988149,0.447833,0.00012020,500,0.03214377,0.21184400,2.19245605,185.82720380,0.97615512,0.85824890,102.00000000,0.30000000,1
600,0.985774,0.447833,0.00006257,600,0.19835391,0.55597561,5.59190651,185.82720380,0.97615512,0.85824890,102.00000000,0.30000000,1
700,0.983399,0.447833,0.00002325,700,0.03471648,0.24286553,2.48829296,185.82720380,0.97615512,0.85824890,102.00000000,0.30000000,1
800,0.981024,0.446618,0.00001002,800,0.00822997,0.10536466,1.03898917,281.73081067,0.97283219,0.89845274,153.37500000,0.31400000,2
