step,epsilon,lambda_cost,lr,buffer_size,loss_mean,td_abs_mean,grad_norm_mean,ep_ret_ma,ep_consistency_ma,ep_teacher_iou_ma,ep_comp_ma,ep_full_frac_ma,episodes_done
100,0.997649,0.450000,0.00029998,100,0.80797887,1.30797887,16.17109108,,,,,,0
200,0.995274,0.450000,0.00028449,200,0.05530337,0.25390870,3.74996438,,,,,,0
300,0.992899,0.447833,0.00024336,300,0.00554326,0.08176499,0.73069209,185.82720380,0.97615512,0.85824890,102.00000000,0.30000000,1
400,0.990524,0.447833,0.00018472,400,0.00300395,0.05628235,0.28834275,185.82720380,0.97615512,0.85824890,102.00000000,0.30000000,1
500,0.988149,0.447833,0.00012020,500,0.00235158,0.04876585,0.17326423,185.82720380,0.97615512,0.85824890,102.00000000,0.30000000,1
600,0.985774,0.447833,0.00006257,600,0.00187856,0.04249441,0.13439407,185.82720380,0.97615512,0.85824890,102.00000000,0.30000000,1
700,0.983399,0.447833,0.00002325,700,0.00213455,0.04490056,0.13830300,185.82720380,0.97615512,0.85824890,102.00000000,0.30000000,1
800,0.981024,0.446603,0.00001002,800,0.00197751,0.04474166,0.14277654,281.86938084,0.97280939,0.89861793,153.25000000,0.31400000,2
