step,epsilon,lambda_cost,lr,buffer_size,loss_mean,td_abs_mean,grad_norm_mean,ep_ret_ma,ep_consistency_ma,ep_teacher_iou_ma,ep_comp_ma,ep_full_frac_ma,episodes_done
100,0.997649,0.450000,0.00029998,100,0.40341234,0.88583714,13.97802830,,,,,,0
200,0.995274,0.450000,0.00028449,200,0.05491400,0.28299142,4.20772337,,,,,,0
300,0.992899,0.447861,0.00024336,300,0.01185072,0.12268929,1.41968427,185.71470380,0.97615512,0.85824890,102.25000000,0.30000000,1
400,0.990524,0.447861,0.00018472,400,0.00335934,0.06202009,0.44859668,185.71470380,0.97615512,0.85824890,102.25000000,0.30000000,1
500,0.988149,0.447861,0.00012020,500,0.00202709,0.04766593,0.19084858,185.71470380,0.97615512,0.85824890,102.25000000,0.30000000,1
600,0.985774,0.447861,0.00006257,600,0.00154233,0.04018069,0.11858213,185.71470380,0.97615512,0.85824890,102.25000000,0.30000000,1
700,0.983399,0.447861,0.00002325,700,0.00166988,0.04162021,0.10711774,185.71470380,0.97615512,0.85824890,102.25000000,0.30000000,1
800,0.981024,0.446631,0.00001002,800,0.00163681,0.04235537,0.12194984,281.81029057,0.97280939,0.89861793,153.37500000,0.31400000,2
