step,epsilon,lambda_cost,lr,buffer_size,loss_mean,td_abs_mean,grad_norm_mean,ep_ret_ma,ep_consistency_ma,ep_teacher_iou_ma,ep_comp_ma,ep_full_frac_ma,episodes_done
100,0.997649,0.450000,0.00029998,100,0.56596041,1.04336202,8.03591442,,,,,,0
200,0.995274,0.450000,0.00028449,200,0.23095108,0.54747702,4.62143567,,,,,,0
300,0.992899,0.447833,0.00024336,300,0.12322319,0.38820642,2.95784535,185.82720380,0.97615512,0.85824890,102.00000000,0.30000000,1
400,0.990524,0.447833,0.00018472,400,0.12159179,0.37155708,2.35837188,185.82720380,0.97615512,0.85824890,102.00000000,0.30000000,1
500,0.988149,0.447833,0.00012020,500,0.01031860,0.11088451,0.73711579,185.82720380,0.97615512,0.85824890,102.00000000,0.30000000,1
600,0.985774,0.447833,0.00006257,600,0.00274926,0.05344735,0.21773064,185.82720380,0.97615512,0.85824890,102.00000000,0.30000000,1
700,0.983399,0.447833,0.00002325,700,0.00250079,0.05062049,0.12335662,185.82720380,0.97615512,0.85824890,102.00000000,0.30000000,1
800,0.981024,0.446618,0.00001002,800,0.00238923,0.05110762,0.09076640,281.73081067,0.97283219,0.89845274,153.37500000,0.31400000,2
