step,epsilon,lambda_cost,lr,buffer_size,loss_mean,td_abs_mean,grad_norm_mean,ep_ret_ma,ep_consistency_ma,ep_teacher_iou_ma,ep_comp_ma,ep_full_frac_ma,episodes_done
100,0.997649,0.450000,0.00029998,98,1.82498169,2.32498169,16.27291107,,,,,,0
200,0.995274,0.450000,0.00028449,198,0.25409579,0.57570938,6.98271541,,,,,,0
300,0.992899,0.447833,0.00024336,298,0.06838373,0.29836472,1.97445766,185.82720380,0.97615512,0.85824890,102.00000000,0.30000000,1
400,0.990524,0.447833,0.00018472,398,0.04192781,0.23605841,0.94203642,185.82720380,0.97615512,0.85824890,102.00000000,0.30000000,1
500,0.988149,0.447833,0.00012020,498,0.03947138,0.22431098,0.68137496,185.82720380,0.97615512,0.85824890,102.00000000,0.30000000,1
600,0.985774,0.447833,0.00006257,598,0.03446405,0.21239221,0.58024880,185.82720380,0.97615512,0.85824890,102.00000000,0.30000000,1
700,0.983399,0.447833,0.00002325,698,0.03359777,0.20973089,0.60276032,185.82720380,0.97615512,0.85824890,102.00000000,0.30000000,1
800,0.981024,0.446618,0.00001002,798,0.03205166,0.20403776,0.59068572,281.84154919,0.97282990,0.89867422,153.37500000,0.31400000,2
