step,epsilon,lambda_cost,lr,buffer_size,loss_mean,td_abs_mean,grad_norm_mean,ep_ret_ma,ep_consistency_ma,ep_teacher_iou_ma,ep_comp_ma,ep_full_frac_ma,episodes_done
100,0.997649,0.450000,0.00029998,100,3.99684238,4.11745977,0.95917284,,,,,,0
200,0.995274,0.450000,0.00028449,200,3.87208933,4.09599291,0.32869651,,,,,,0
300,0.992899,0.447833,0.00024336,300,3.85498743,4.08241446,0.18692804,185.82720380,0.97615512,0.85824890,102.00000000,0.30000000,1
400,0.990524,0.447833,0.00018472,400,3.86470963,4.08895439,0.25279786,185.82720380,0.97615512,0.85824890,102.00000000,0.30000000,1
500,0.988149,0.447833,0.00012020,500,3.83737675,4.10300901,0.10599587,185.82720380,0.97615512,0.85824890,102.00000000,0.30000000,1
600,0.985774,0.447833,0.00006257,600,3.84416210,4.11213770,0.08715622,185.82720380,0.97615512,0.85824890,102.00000000,0.30000000,1
700,0.983399,0.447833,0.00002325,700,3.83685422,4.12421322,0.07499527,185.82720380,0.97615512,0.85824890,102.00000000,0.30000000,1
800,0.981024,0.446603,0.00001002,800,3.83685043,4.12643715,0.05219921,281.86938084,0.97280939,0.89861793,153.25000000,0.31400000,2
